公众号,标题,发布时间,链接,摘要,内容
电机理论研究院,String test 在指的是什么试验?,2026-03-22 22:34:09,https://mp.weixin.qq.com/mp/wappoc_appmsgcaptcha?poc_token=HIOLwWmjinaue7LAy5oym4sjenryqRp_BtkvUTNQ&target_url=https%3A%2F%2Fmp.weixin.qq.com%2Fs%3Fsrc%3D11%26timestamp%3D1774291827%26ver%3D6616%26signature%3DNQYpRk8EFyD9gQA-eEJxVpPZfE-r51mkpcnCTynslRxE7OFyPQLgelrWML6LbgwrQ4yJKTdj9lQiYvB2V5GLE0OPdfwsYHyimh9U8H5DfQFmji1W51fucIx2szkvY7YB%26new%3D1,"设备项目语境下,String Test(串试 / 整机联试) 指:将整套动力传动链(driver + transmission + driven machine + 辅助系统)在工厂...",
wminm1906,test,2026-03-21 23:27:56,https://mp.weixin.qq.com/mp/wappoc_appmsgcaptcha?poc_token=HIaLwWmjTn8eJQwJL31LH8EyNOObKGzmpl0ylACE&target_url=https%3A%2F%2Fmp.weixin.qq.com%2Fs%3Fsrc%3D11%26timestamp%3D1774291827%26ver%3D6616%26signature%3DOJ7OlZw5bdmuxvcp%2AAhdKPGPyN3vKGHs71Q4PX9cetwcrALDyxHEQN83L0sybPskkVKPRzQvmYmIi7%2A21Yq-9gbea8Cj6fPEEjs8sXG2EhYIBCOBsKI6QscbXIXwJIKV%26new%3D1,test https://mp.weixin.qq.com/s/N9Y_iVt5PRKk3Whwzi8oQA,
Nane丶灬盈盈,软测面试:pytest测试框架你都用过哪些装饰?,2026-03-20 17:04:56,https://mp.weixin.qq.com/mp/wappoc_appmsgcaptcha?poc_token=HIiLwWmjRGGNBydNYql7f41wmfVVkVthINlvyfzO&target_url=https%3A%2F%2Fmp.weixin.qq.com%2Fs%3Fsrc%3D11%26timestamp%3D1774291827%26ver%3D6616%26signature%3DXs4YL76MCa93bnKnnmyUXII-M2TGQ55wqAT5TsSPT-aqIS19B440u97Js28xvLgYB%2AyME1Qrj%2AQMaz%2AGuFK17iDLdP244vPOnZxgdcxdXnaDkNgi6auQuzavcDGzTXb%2A%26new%3D1,"其中装饰器更是核心考点,整理了5个最常考的装饰器用法,新手也能轻松记~1. @pytest.fixture()测试用例的“万能工具人”!用来...",
Mei 的豪斯,#test,2026-02-25 22:42:10,https://mp.weixin.qq.com/mp/wappoc_appmsgcaptcha?poc_token=HIqLwWmjNxkkEDFGWNxuFzdppuCPgHoxbKf4oa1u&target_url=https%3A%2F%2Fmp.weixin.qq.com%2Fs%3Fsrc%3D11%26timestamp%3D1774291827%26ver%3D6616%26signature%3DIQ9S2ZcucgeNXCetEdEI-ygFg2lKK9qJF13bKJ2jV68fgB7Fs4N8kKZywGdGn2pVz9FGpYdQEy5uR9l8dM%2AShIVUAcW4CEHGXK6LlkAkI94US6DSS6Ht0A21L7lT%2ATNe%26new%3D1,,
JC In Practice,Test,2026-02-28 14:58:05,https://mp.weixin.qq.com/mp/wappoc_appmsgcaptcha?poc_token=HIyLwWmjFPK84suZICk_f4MrA2XNSrqknwz_KVYl&target_url=https%3A%2F%2Fmp.weixin.qq.com%2Fs%3Fsrc%3D11%26timestamp%3D1774291827%26ver%3D6616%26signature%3DIpQ5HB7cqH6ucfaArydwIuuxxXDTY5qz3Pr7lJR%2ACpg6Xj%2AR0ZJf1lIT6Fx-X9-JFJlHwYTHe3RFqrrO0xaPkG4YXkYZkt-U9eLk6f9LUyVZo%2AVwrR0EDqvlADsWdC7j%26new%3D1,Test#亲子互动游戏 #儿童趣味选择题,
BassChannel,Reeltest 实际测评DTD飞梦BFS水滴轮,2026-03-05 15:08:23,https://mp.weixin.qq.com/mp/wappoc_appmsgcaptcha?poc_token=HI6LwWmj4GdnpN-gHsptxAXVkvPL3t_zUfFov96u&target_url=https%3A%2F%2Fmp.weixin.qq.com%2Fs%3Fsrc%3D11%26timestamp%3D1774291827%26ver%3D6616%26signature%3DhmNgO4nO0TGuOlCgikl0v5MNThOKtpb5SOytbZTB6KoTAz6j452qNkcHhv1mUXPntP9YRspere3DrT5bv2sIWOCPOXjj72WEwReGaZFZKSYyzxgbOrmFdtqXAG0-wG9B%26new%3D1,"据DTD的测试数据,这款渔轮采用了轻量化线杯,不锈钢主轴,高强度铝合金杯体,采用了镂空的常见BFS设计.线杯带轴承全重8.15...",
文艺老姑娘的英文酒馆,语法Test Three,2026-03-03 08:42:57,https://mp.weixin.qq.com/mp/wappoc_appmsgcaptcha?poc_token=HJGLwWmjuUpPg80CeeIBR8YzDKZVnuWk9ZIxbaK0&target_url=https%3A%2F%2Fmp.weixin.qq.com%2Fs%3Fsrc%3D11%26timestamp%3D1774291827%26ver%3D6616%26signature%3DAiZUU0Vfz8ZjcbFaZllpKqGB0K70%2ABpjHtQ8MVsUBOBL7Hp8WoMVmBrbuKhSyOqKVPsy%2AK4KxoJ5Y7SaWRb8Nca-uahsux4Y5dhtUuIUbGHITQwC5NDI6tgnpsFLm0Uf%26new%3D1,"There are forty sentences in this section. Beneath each sentence there are four words or phrases marked A, B, C, D. Choose one word ...",
竹小马TD,test2026030301,2026-03-04 16:45:21,https://mp.weixin.qq.com/mp/wappoc_appmsgcaptcha?poc_token=HJSLwWmjhDaPx33G02b3W38pR9Z-4C_hnC6H_0a0&target_url=https%3A%2F%2Fmp.weixin.qq.com%2Fs%3Fsrc%3D11%26timestamp%3D1774291827%26ver%3D6616%26signature%3D2qgGuFNZS%2AavvKVV82q1CWYtCBFejL6aW2URvvDc8n8G2CaY7X0bF5JhkGDfsMXH6-FvNo9ghqMz45EnTV%2AtSO7Gc1LrS7SWi-SsAEz12b9XGMzNhFrehvYsa2H1M%2AnJ%26new%3D1,test2026030301test2026030301test2026030301test2026030301test2026030301e323a45c3017465f892a6ca0da654313,
日语JTEST考试,【J.TEST小课堂】F-G考试重点梳理,2026-03-02 12:07:59,https://mp.weixin.qq.com/mp/wappoc_appmsgcaptcha?poc_token=HJeLwWmj8QQpxXIYYPV9TYOPfBrD8F9t4m3T7r1F&target_url=https%3A%2F%2Fmp.weixin.qq.com%2Fs%3Fsrc%3D11%26timestamp%3D1774291827%26ver%3D6616%26signature%3DO1DRXc1GHGZIrLfzc4RPLFUAqsSGGIzFOGn9xzRO025gwcXRPPt8QY5yLN7Mas25gBw97zt4ubDPYfMAylrT6n5nQIipc2pU8Zm8Stk6tiUf1D7R39RtN%2Ab-6dQ7q1YV%26new%3D1,"距离考试只剩一周时间,J.TEST F-G作为初级级别,许多考生都是初学日语不久,没有考试经验,心情紧张.但好消息是,等级越低,...",
学术之友,使用abacustest准备ABACUS输入文件,2026-02-27 18:20:48,https://mp.weixin.qq.com/mp/wappoc_appmsgcaptcha?poc_token=HJuLwWmj_xcEvx5lPa_x3yqtaMr4kqzNJc23s1gC&target_url=https%3A%2F%2Fmp.weixin.qq.com%2Fs%3Fsrc%3D11%26timestamp%3D1774291827%26ver%3D6616%26signature%3D9o%2AdFTgBbthgbiAOdNh4gL7ATqrbDpLM27Gm%2Adq5S3SjW2JJ18vz%2AQrbX4GOKPxqSxR1JsImSWqwsiCBZ2Vr1GrSLQKDYNbTxGMWyIZvmG6H%2AH1heBgHn-49m-I7sKHn%26new%3D1,"例如,在做Pd(100)面的表面能随层数的收敛性测试时,需要为一批不同厚度的Pd(100)面的结构文件做相同的优化计算.假设结构文件...",
夏愿678,"Pytest自动化测试框架详解,1小时精通",2026-03-20 17:14:47,https://mp.weixin.qq.com/mp/wappoc_appmsgcaptcha?poc_token=HJ2LwWmjiPTHQ1MUIxnVcsOzz3l6eMEEXYjwLtsy&target_url=https%3A%2F%2Fmp.weixin.qq.com%2Fs%3Fsrc%3D11%26timestamp%3D1774291832%26ver%3D6616%26signature%3DIUHs4zP4qz43NO1QCUQ7hPYnItByd3IebBIug9B%2AcOtUnocwS6Fmpq4GvEPyiAFF2KZrusQiF2Qa-g79SHKjroFDuuAvmEiwYOpQSx1lB5Z9UgOc734SQl8tSt4NTEmT%26new%3D1,#自动化测试 #软件测试面试 #自学软件测试 #没想到你是这样的程序员#转行软件测试 #get职场新知识 #笔记灵感 #Python编程实战 #软...,
Solid汉语,HSK Test Dates in 2026 !,2026-02-25 20:45:10,https://mp.weixin.qq.com/mp/wappoc_appmsgcaptcha?poc_token=HJ-LwWmj4vMmmf8a7iGqlbawa0crvysLNLJV9B0b&target_url=https%3A%2F%2Fmp.weixin.qq.com%2Fs%3Fsrc%3D11%26timestamp%3D1774291832%26ver%3D6616%26signature%3Dwvkve011lKwaj%2A2ezDdp747nTyO94t7M7AT2-IFWnU3wLn3ywpl4BF%2ArppJl5inZc9rw0BoJniDFFGKml0q2ZScY5NMJRjCgvuZY11UcI2n%2AUiFEwIe0HFGq0LgacuRQ%26new%3D1,test preparation course详情请加我们微信咨询.Contact us on WeChat to get more information about the Chinese courses. 我们的微信...,
干草心,test for criminal,2026-03-02 16:14:34,https://mp.weixin.qq.com/mp/wappoc_appmsgcaptcha?poc_token=HKKLwWmj-iYMpaAT4XswOkKQTMGBeVL6KAC-IOlB&target_url=https%3A%2F%2Fmp.weixin.qq.com%2Fs%3Fsrc%3D11%26timestamp%3D1774291832%26ver%3D6616%26signature%3DcszIrJPSOauc8iJC%2Ao9W-PUFhQp%2AvUBcci4vaRE6v7-AJVC4NvipoetBaTVgZqIFRn44TG8acqd9-V1EOonjYvdQX0IkaM2VR4ls%2AIhpGmqubiNNGpGUBCDGc2cyQmnn%26new%3D1,,
一枝南乔,"Pytest自动化测试框架笔记,一小时精通",2026-03-23 12:31:28,https://mp.weixin.qq.com/mp/wappoc_appmsgcaptcha?poc_token=HKWLwWmjd5tkt_KF3ahJarrqCoVa4rc3IA0xx_Kp&target_url=https%3A%2F%2Fmp.weixin.qq.com%2Fs%3Fsrc%3D11%26timestamp%3D1774291832%26ver%3D6616%26signature%3DOWPS8xldZfwIIEPUgoWQykR84Ynzed7HjKCtGYzDOgdVfpoy2lUTeJlobRj4A8PENUuLzsymEVOAoCahmJGmf%2AezqQTvdCAfy4YwzvFyuxsHgqLPoMc4ckeolpwKpwjO%26new%3D1,"Pytest自动化测试框架教程,新手必看,一小时精通!#自学软件测试 #软件测试 #软件测试面试 #自动化测试 #pytest #pytest框架 #软件...",
Khan8665,Your Test ?,2026-03-23 18:43:05,https://mp.weixin.qq.com/mp/wappoc_appmsgcaptcha?poc_token=HKaLwWmj3xFw6XmW4BLRmDig-p5QS9F8v0K4G_EF&target_url=https%3A%2F%2Fmp.weixin.qq.com%2Fs%3Fsrc%3D11%26timestamp%3D1774291832%26ver%3D6616%26signature%3DvGNeeoIc7H%2AbYoNbhInuqGk6raL43mIy5iRJLB89lnLiHUCXxlyWl%2AiPWOWv4qV9V2ZzYxZb2k6dNBGvFaIU7dXvSpv%2Aa8mGOc3crpGKIjTsjfStMrJGNZYbHDcAUexr%26new%3D1,Your Test ?Answer Please,
Study Mandarin,How to change the test date,2026-03-19 10:11:13,https://mp.weixin.qq.com/mp/wappoc_appmsgcaptcha?poc_token=HKmLwWmj6pmzHPNVl3TBCWOGZn_CSTaAXMSCsxMI&target_url=https%3A%2F%2Fmp.weixin.qq.com%2Fs%3Fsrc%3D11%26timestamp%3D1774291832%26ver%3D6616%26signature%3DqSwxBGReKkzKwJyAxsnGv3eZBRFoUBqRNvML4dw5xH7mhEfJzeY9yzYvmQldxc4bNdsmgRRuTKpfsrOjJHhI4lWSmypExe1ULOeWK7d1bUzTa1IriSeQCqmu5CvMsgvX%26new%3D1,"test takers can apply to change the test date within thestipulated time, but cannot cancel the registered test; neither can the registered ...",
坤玲,0228test,2026-02-28 14:52:14,https://mp.weixin.qq.com/mp/wappoc_appmsgcaptcha?poc_token=HKyLwWmjGeA2VYzlAJMn3sqn8hURKw-YLkntN75I&target_url=https%3A%2F%2Fmp.weixin.qq.com%2Fs%3Fsrc%3D11%26timestamp%3D1774291832%26ver%3D6616%26signature%3DIJSZJEhIar%2A7ne3A2wBFo9XnzakDC8U-LRhGno08WS4oFutFxzHqbD4zHanjrO-bRD7Ymy6qfZzfFkpS4kSXovD6KA32mcLg59KG9krRd3zsyBys9Qx5cfs3TVmdEoVp%26new%3D1,try,
大叔说,test,2026-02-26 07:38:43,https://mp.weixin.qq.com/mp/wappoc_appmsgcaptcha?poc_token=HK-LwWmjkQx6HvhWFHYICsg7xHLmeCg_kKJO7uJQ&target_url=https%3A%2F%2Fmp.weixin.qq.com%2Fs%3Fsrc%3D11%26timestamp%3D1774291832%26ver%3D6616%26signature%3DLchnrsldCYFpgLSX9ep1dbOGFds9BGJ%2AfBnu8nApmGiR-CZXwnNaMKRll%2Al3wisKJb-xh3NJ3rBAfIae2LAtb5245rBe8Es1O4CGzfs%2A81ibTOTiSbXvieKHIcE4GUzG%26new%3D1,#嵖岈山奇石景观,
OFF STUDIO,"TestFlight终极指南,让你提前玩上神级App!",2026-03-23 15:42:28,https://mp.weixin.qq.com/mp/wappoc_appmsgcaptcha?poc_token=HLKLwWmjycjDNDBvpzd8PyYFnGIor5Msm1UkfoG0&target_url=https%3A%2F%2Fmp.weixin.qq.com%2Fs%3Fsrc%3D11%26timestamp%3D1774291832%26ver%3D6616%26signature%3D7BzUlFERA8%2AU11wf1eoFwLfzF8ZVbowVNNNtmndqUYmR8n-riQoYxexp9b%2ACafnztJlbTFHuJcGlcWqfFObePiqDLvqPjgbs%2Ab9x3gjDfiUYW1nJykt7BNmz6Wfm3s6x%26new%3D1,"ew/refs/heads/main/test.jsonOpenMinis#本地AI #智能助手 #任务自动化OpenMinis是纯手机本地运行的AI Agent应用,直连自有AI订阅/...",
SevenFish,test,2026-02-22 16:00:53,https://mp.weixin.qq.com/mp/wappoc_appmsgcaptcha?poc_token=HLSLwWmjWtcyu2aGRv_9FCBOFm47VFZdLsdTkU8C&target_url=https%3A%2F%2Fmp.weixin.qq.com%2Fs%3Fsrc%3D11%26timestamp%3D1774291832%26ver%3D6616%26signature%3Deaib96IvWO-Gbn-UtizcM9XZaoJlOodvwcmrUDjAb1pbfJLsquK%2AW0SJQlL04%2ArjAwZWFKnYm0tqot9KZHCiU7CdQL2BhD2V1xUOt1tcXpzYMTQ7buu2DVC5KZl11WXs%26new%3D1,#猫咪日常陪伴,
柠檬的做梦日记,Test,2026-02-26 10:51:36,https://mp.weixin.qq.com/mp/wappoc_appmsgcaptcha?poc_token=HLeLwWmj1x3HnEgmQsznxV-O4mNpLfkUnrmUQcQq&target_url=https%3A%2F%2Fmp.weixin.qq.com%2Fs%3Fsrc%3D11%26timestamp%3D1774291838%26ver%3D6616%26signature%3D6SKzlbUD3AmWfdhvRoZKQPf3%2AKKZyje6nhFdoDMvrZYfRazLVeH4K0SB4x4DYw7Dfxje07ts818p3%2AMf6iYNJWfiMyovpPm59w-jKJ6Q1YjvsdlwqxHbCPEjj1IBuPTB%26new%3D1,,
Fit2happy,test,2026-03-02 07:05:59,https://mp.weixin.qq.com/mp/wappoc_appmsgcaptcha?poc_token=HLmLwWmjmTrFrxNGXAE1rhSFedNUxy4_2NP0Aw38&target_url=https%3A%2F%2Fmp.weixin.qq.com%2Fs%3Fsrc%3D11%26timestamp%3D1774291838%26ver%3D6616%26signature%3DtrwH-NX2HEKsYOHdIkwhOUmESSReJuT5gD96fTixiCUquYgyV-ZxaFXm4p6QagYUeBU6DzdHojiYFQBVW6KUlqp2tdKWDB-aO1TeMXVuA10M5mdli-IKN3z%2AawDO5yA9%26new%3D1,基督城好看的瓜叶菊,
这个号要火了,"今天面了6个测试女生,pytest自动化都不懂",2026-03-23 20:39:02,https://mp.weixin.qq.com/mp/wappoc_appmsgcaptcha?poc_token=HLuLwWmj97sqqWwertPGZ60coIyBlVnPOIY4M-h8&target_url=https%3A%2F%2Fmp.weixin.qq.com%2Fs%3Fsrc%3D11%26timestamp%3D1774291838%26ver%3D6616%26signature%3DWDGGs0rBA9dmiQw-c5taqzOQuy9SGFVmuZrqYzJZdKXZ9U3yIjcTuS3CSTUB9WPXV-oSsYhyIvYcb%2AKMC-VD1ZgU8ZVERQ-8Nqk7kPD9nB8a%2Aw2z-HoMpzWOiledn2Bo%26new%3D1,"今天面了6个测试女生,pytest自动化都不懂提醒!自动化面试别只炫脚本!今天面了个候选人,简历写“精通Pytest自动化”,结果深...",
木头Talk,Test,2026-02-27 09:27:02,https://mp.weixin.qq.com/mp/wappoc_appmsgcaptcha?poc_token=HL6LwWmjl-RLhbVbD7pd-JFOvWXUOWfHAEAevEgE&target_url=https%3A%2F%2Fmp.weixin.qq.com%2Fs%3Fsrc%3D11%26timestamp%3D1774291838%26ver%3D6616%26signature%3DvEMefW4uboYBg3QBd2HFaGorzfYSHAFQs5GpP6SucgHYxioTTKSFtY58NjOEj8%2AtzVJ3Mzv232il4f8ogB4unoS675KY4ihcoKyyA5clTbqrrldKyyytqwZMuCG7JLN9%26new%3D1,#城市夜景公路,
QPython,pytest:让Python单元测试简单又有趣,2026-03-03 16:06:03,https://mp.weixin.qq.com/mp/wappoc_appmsgcaptcha?poc_token=HMGLwWmjYJNzmROmwVVosMjCn-mOwA_kOsVIoK3Y&target_url=https%3A%2F%2Fmp.weixin.qq.com%2Fs%3Fsrc%3D11%26timestamp%3D1774291838%26ver%3D6616%26signature%3D%2A07K2HNJEYTh5EfdBJUP2SyM0uOxkax5p17u8aZgg5Jov4vvJvpPBpgmALzNvM12TRMM2NcB2L10HZiFuidq0vZIp0M6nhJPrMaozkxsuSs86ku4CWhJ5iUSyfqN2E7s%26new%3D1,"想知道怎么用pytest轻松搞定Python单元测试吗? 让你边学边玩,写出更靠谱的代码,关键是——测试也能很有趣! #单元测试 #...",
PAC0M3R,test,2026-02-28 11:27:09,https://mp.weixin.qq.com/mp/wappoc_appmsgcaptcha?poc_token=HMOLwWmjwFhpoX_UUa3e2nk3ueXouPo6xyEsMz66&target_url=https%3A%2F%2Fmp.weixin.qq.com%2Fs%3Fsrc%3D11%26timestamp%3D1774291838%26ver%3D6616%26signature%3DVwN1gS59pimsTPGHHT6JZ5uESZGHlxpFsxI2v7ONQp7fMSmf5iuYpC0UCcOvoSXS8RnruvVu1kNByOZV1sqT03Xjj5WEl4cK-w20FDdJH1qwV3yXvUM3JYyydGYO5mcr%26new%3D1,,
不时嘻如流,TEST,2026-02-27 16:25:37,https://mp.weixin.qq.com/mp/wappoc_appmsgcaptcha?poc_token=HMeLwWmjI0OAFvMRwEfcMMAFlwSEt3Lt04wEkqQj&target_url=https%3A%2F%2Fmp.weixin.qq.com%2Fs%3Fsrc%3D11%26timestamp%3D1774291838%26ver%3D6616%26signature%3DvMTUIOlOweEnCGvN7xCEB2oIx1IBSg%2AEZhzFvZc43%2ATMySYXE3NeBpQVkwepixWUuOzL44V%2A1vZRPrR4SFAKoalVC1cr9XrAj20OUdh4yGfp8%2Au8oc2Ynjtpd2dKr1fs%26new%3D1,,
好玩的互联网项目,Test2,2026-03-03 13:21:31,https://mp.weixin.qq.com/mp/wappoc_appmsgcaptcha?poc_token=HMiLwWmjwC_HGhVMOGWpNmgmOGKddAcCQs_gSjlZ&target_url=https%3A%2F%2Fmp.weixin.qq.com%2Fs%3Fsrc%3D11%26timestamp%3D1774291838%26ver%3D6616%26signature%3DvBu%2A-w9gE5HA90aFLDPhjkhj8MwFeqNhqQmol78pYjuanlsNcVVJQ-LSO4xF8ZrbRdgU2H3UQGoR2%2AWTM1YSIJ0mzs89JHs0PvjDocNBKhhF9m5c8Yvxx4zNKR3pLxxC%26new%3D1,正文内容,
